"staSeq","CTDEEP.LabID","DATE_COL","RBV_most_wanted_count","locationName","locationDescription","locationType","ylat","xlong","sourceMapScale","horizCollectMethod","horizRefDatum","stateCd","munName","subBasin","adbSegID","hydroID","stationsCommentTxt","createDate","createUser","lastUpdateDate","lastUpdateUser"
14298,"RBV-2025-014",2025-10-20,1,"Mill River","upstream Lake Mohegan","River/Stream",41.208,-73.257,24000,"Interpolation-Map","NAD83","CT","FAIRFIELD",7108,"CT7108-00_02a","102001653","Initial Site Number=184 or alias of =m2, 512.01,511.01//site comments:access to station via town open space road, also monitored by town of fairfield as part of tmdl, SEARCH was fairfield HS and fairfield prep",1999-03-02,"Unknown",2021-10-05 14:34:45,"BeckerM"
14396,"RBV-2025-029",2025-09-20,6,"Pine Brook","at old bridge Pine Brook Road","River/Stream",41.5079,-72.4952,24000,"GPS-Unspecified","NAD83","CT","HADDAM",4709,"CT4709-00_01","106001841","Initial Site Number=208 or alias of =//site comments:station is at end of dirt road",1999-03-02,"Unknown",2021-10-05 14:34:45,"BeckerM"
14406,"RBV-2025-060",2025-10-16,3,"Pootatuck River","downstream Wasserman Way on Game Club Property (Mile Hill Rd)","River/Stream",41.4064,-73.272,24000,"Interpolation-Map","NAD83","CT","NEWTOWN",6020,"CT6020-00_02","103016444","Initial Site Number=PT1 or alias of =//site comments:WPCF upgrade evaluation, SEARCH; RBV 2010-2012 (CVTU)",1999-03-02,"Unknown",2021-10-05 14:34:45,"BeckerM"
14445,"RBV-2025-015",2025-11-13,5,"Saugatuck River","at DS end of Fly Fishing Only Area (1 Ford Rd)","River/Stream",41.1693,-73.367,24000,"Interpolation-Map","NAD83","CT","WESTPORT",7200,"CT7200-00_01","102001263","Initial Site Number=SG1 or alias of =1581.01, R5, 48-001//site comments:Rotating chem only, RBV, at a pull off with signage for TMA, at base of Island Staples HS, just after Ford Road turns south and becomes North Clinton Avenue",1999-03-02,"BeaucheneM",2021-10-05 14:34:45,"BeckerM"
15045,"RBV-2025-027",2025-10-19,3,"Judd Brook","At mouth, upstream Airline Trail crossing (Hebron/Colchester town line)","River/Stream",41.6005,-72.373,24000,"Interpolation-Map","NAD83","CT","HEBRON",4702,"CT4702-00_01","106002553","Initial Site Number=15010 or alias of =//site comments:site sampled with ED Fisheries as a 1 pass all species for their information, Cabin Brook prob mon site done prior in the day; Old description: ""upstream old road crossing""",2003-06-25,"BeaucheneM",2021-11-17 18:20:50,"BeckerM"
15128,"RBV-2025-063",2025-10-30,6,"Kirby Brook","300m upstream confluence with Shepaug River","River/Stream",41.6173,-73.3227,24000,"Interpolation-Map","NAD83","CT","WASHINGTON",6700,"CT6700-17_01","103011915","Initial Site Number=1501.02 or alias of =//site comments:Shepaug Regional; At dirt road crossing",2003-09-22,"BeaucheneM",2021-12-27 17:18:19,"BeckerM"
15180,"RBV-2025-054",2025-11-07,4,"East Branch Eightmile River","off Walden Road","River/Stream",41.4795,-72.2819,24000,"Interpolation-Map","NAD83","CT","SALEM",4802,"CT4802-00_01","106001523","Initial Site Number=26-004 or alias of =//site comments:Eightmile River Association",2003-09-22,"BeaucheneM",2021-10-05 14:34:45,"BeckerM"
15205,"RBV-2025-061",2025-09-20,1,"Tankerhoosen River","DS Bolton Road","River/Stream",41.8294,-72.4482,24000,"Interpolation-Map","NAD83","CT","VERNON",4503,"CT4503-00_02","106003441","Initial Site Number=32-001 or alias of =5235//site comments:Hockanum River Watershed Association, fisheries sample number 5235 Friends of Hockanum River Linear Park RBV site 2011, 2012, 2013",2003-09-22,"BeaucheneM",2021-10-05 14:34:45,"BeckerM"
15280,"RBV-2025-058",2025-09-17,3,"Pootatuck River","adjacent Tom's Brook Confluence (DS STP outfall)","River/Stream",41.4149,-73.2827,24000,"Interpolation-Map","NAD83","CT","NEWTOWN",6020,"CT6020-00_01","103016207","Initial Site Number= or alias of =//site comments: New RBV site in fall 2005 CVTU, events 2010-2012",2005-10-27,"BeaucheneM",2021-10-05 14:34:45,"BeckerM"
15312,"RBV-2025-041",2025-04-25,3,"Beaver Brook","Downstream bridge at 55-123 Beaver Brook Road","River/Stream",41.409952,-72.329059,24000,"Interpolation-Map","NAD83","CT","LYME",4803,"CT4803-00_01","106000947","Initial Site Number=26-005 or alias of =//site comments:site established by Jane Brawerman and Eightmile River wild and scenic study, Willauer property call 860-434-8315 before fish shocking.",2003-12-04,"BeaucheneM",2021-10-05 14:34:45,"BeckerM"
15312,"RBV-2025-050",2025-10-24,4,"Beaver Brook","Downstream bridge at 55-123 Beaver Brook Road","River/Stream",41.409952,-72.329059,24000,"Interpolation-Map","NAD83","CT","LYME",4803,"CT4803-00_01","106000947","Initial Site Number=26-005 or alias of =//site comments:site established by Jane Brawerman and Eightmile River wild and scenic study, Willauer property call 860-434-8315 before fish shocking.",2003-12-04,"BeaucheneM",2021-10-05 14:34:45,"BeckerM"
15314,"RBV-2025-048",2025-10-17,4,"Eightmile River, Unnamed tributary to (""PV Brook"")","at trail crossing off MacIntosh Road (Pleasant Valley Preserve)","River/Stream",41.4155,-72.3396,24000,"Interpolation-Map","NAD83","CT","LYME",4800,"CT4800-15_01","106000992","Initial Site Number=26-007 or alias of =//site comments:site established by Jane Brawerman and Eightmile River wild and scenic study",2003-12-04,"Unknown",2025-12-15 10:58:22,"BeckerM"
15314,"RBV-2025-045",2025-03-28,1,"Eightmile River, Unnamed tributary to (""PV Brook"")","at trail crossing off MacIntosh Road (Pleasant Valley Preserve)","River/Stream",41.4155,-72.3396,24000,"Interpolation-Map","NAD83","CT","LYME",4800,"CT4800-15_01","106000992","Initial Site Number=26-007 or alias of =//site comments:site established by Jane Brawerman and Eightmile River wild and scenic study",2003-12-04,"Unknown",2025-12-15 10:58:22,"BeckerM"
15375,"RBV-2025-017",2025-10-16,3,"Aspetuck River","Upstream Confluence with Saugatuck River at Lyons Plain Rd","River/Stream",41.1769,-73.3579,24000,"Unknown","NAD83","CT","WESTPORT",7202,"CT7202-00_01","102001415","Initial Site Number=R6 or alias of =AR-1//site comments:Weston/Westport Health District, Site 6 is sampled on the north side of Lyons Plains Road, just north of the Lyons Plains Road and Coleytown Road intersection.  Above confluence with saugatuck river",2003-12-18,"Unknown",2021-10-05 14:34:45,"BeckerM"
15554,"RBV-2025-006",2025-10-27,3,"Morgan Brook","downstream East West Hill Road ADJ to Rte 44","River/Stream",41.9125,-73.0175,24000,"Interpolation-Map","NAD83","CT","BARKHAMSTED",4305,"CT4305-00_02","105001736","Initial Site Number=7-004 or alias of =//site comments:sampled by FRWA as part of RBV fall 2004, very large substrate",2004-09-16,"BeaucheneM",2021-10-05 14:34:45,"BeckerM"
16121,"RBV-2025-031",2025-09-06,6,"Flat Brook","at Route 16 (at mouth)","River/Stream",41.5544,-72.4523,24000,"Interpolation-Map","NAD83","CT","EAST HAMPTON",4700,"CT4700-03_01","106002283","Initial Site Number= or alias of =//site comments:At Rte 16",2007-05-16,"BellucciC",2021-10-05 14:34:45,"BeckerM"
16123,"RBV-2025-044",2025-04-25,4,"Muddy Brook","Downstream of Hopyard Road","River/Stream",41.4756,-72.342,24000,"Interpolation-Map","NAD83","CT","EAST HADDAM",4800,"CT4800-06_01","106001530","Initial Site Number= or alias of =//site comments:In Devil's Hopyard SP",2007-05-16,"BellucciC",2021-10-05 14:34:45,"BeckerM"
16333,"RBV-2025-020",2025-09-20,0,"Bullet Hill Brook","Adjacent to Heritage Rd Downstream Old Field Road (""Ewald Park"")","River/Stream",41.4826,-73.2205,24000,"Unknown","NAD83","CT","SOUTHBURY",6800,"CT6800-05_01","103014760","Initial Site Number=CTS06621-0402 or alias of =//site comments: PRWC HOBO monitoring site 2012 (""Ewald Park"" site)",2008-04-11,"BeaucheneM",2021-10-05 14:34:45,"BeckerM"
16370,"RBV-2025-001",2025-09-16,4,"Bunnell Brook","upstream diversion for swimming area at recreation area at vineyard rd and clear brook rd","River/Stream",41.7807,-72.963,24000,"Interpolation-Map","NAD83","CT","BURLINGTON",4311,"CT4311-00_01","105001294","Initial Site Number=20617 or alias of =//site comments:; Probabilistic Monitoring Site CTS06621-0979",2008-07-23,"BeaucheneM",2021-11-17 18:20:50,"BeckerM"
16484,"RBV-2025-038",2025-10-23,5,"Ballymahack Brook","US of old diversion dam at manfrede property","River/Stream",41.7144,-72.1444,24000,"Unknown","NAD83","CT","WINDHAM",3801,"Needs",NA,"Initial Site Number=5132 or alias of =5132//site comments:Stream Survey Site",2009-01-12,"BeaucheneM",2010-03-12,"BeaucheneM"
16587,"RBV-2025-009",2025-10-20,2,"Converse Pond Brook","Above Lake Ave","River/Stream",41.1056,-73.6511,24000,"Unknown","NAD83","CT","GREENWICH",7410,"CT7410-02","-99","Initial Site Number=2130 or alias of =2130//site comments:Stream Survey Site",2009-01-12,"BeaucheneM",2021-12-21 14:17:00,"BeckerM"
16657,"RBV-2025-035",2025-10-17,5,"Fenton River","1.4 KM US of rte 89 access from dirt rd left off wormwood hill","River/Stream",41.7831,-72.2031,24000,"Unknown","NAD83","CT","MANSFIELD",3207,"CT3207-00_01a","107001446","Initial Site Number=6009 or alias of =6009//site comments:Stream Survey Site",2009-01-12,"BeaucheneM",2021-12-21 14:17:00,"BeckerM"
16730,"RBV-2025-005",2025-10-26,0,"Hawley Brook","US Country Side Park off Huckleberry Hill Rd","River/Stream",41.7875,-72.9094,24000,"Unknown","NAD83","CT","AVON",4300,"CT4300-19_01","105001275","Initial Site Number=123 or alias of =123//site comments:Stream Survey Site",2009-01-12,"BeaucheneM",2021-12-21 14:17:00,"BeckerM"
17022,"RBV-2025-030",2025-09-06,3,"Salmon River","US of bigelow brook in salmon river SF","River/Stream",41.548315,-72.451615,24000,"Unknown","NAD83","CT","COLCHESTER",4700,"CT4700-00_01",NA,"Initial Site Number=5250 or alias of =5250//site comments:Stream Survey Site",2009-01-12,"BeaucheneM",2017-04-18 08:27:00,"HagstromN"
17125,"RBV-2025-022",2025-09-20,1,"Transylvania Brook","DS of Upper Rte ## at Southbury Training School","River/Stream",41.4956,-73.2575,24000,"Unknown","NAD83","CT","SOUTHBURY",6806,"CT6806-00_03","103014471","Initial Site Number=3035 or alias of =3035//site comments:Stream Survey Site",2009-01-12,"BeaucheneM",2025-12-15 10:58:22,"BeckerM"
17172,"RBV-2025-016",2025-05-31,4,"Wangum Lake Brook","US Cannan Mountain Rd","River/Stream",41.9528,-73.2792,24000,"Unknown","NAD83","CT","CANAAN",6202,"CT6202-00_01",NA,"Initial Site Number=4111 or alias of =4111//site comments:Stream Survey Site",2009-01-12,"BeaucheneM",2021-12-27 17:18:19,"BeckerM"
17978,"RBV-2025-012",2025-10-28,3,"Raymond Brook","GRAYVILLE PARK","River/Stream",41.6142,-72.3678,24000,"Interpolation-Satellite","NAD83","CT","HEBRON",4701,"CT4701-00_01","106002641","; 21126",2011-12-16,"BeaucheneM",2021-12-21 14:17:00,"BeckerM"
18390,"RBV-2025-003",2025-11-17,5,"East Branch Eightmile River","Upstream Salem Rd (upstream former Ed Bills spillway)","River/Stream",41.426822,-72.331911,24000,"Interpolation-Other","WGS84","CT","LYME",4802,"CT4802-00_01","106001079","(SID 6703); TNC monitoring site - dam removal location fall 2015",2012-12-12 15:07:00,"GregoireB",2022-01-05 12:07:25,"BeckerM"
18409,"RBV-2025-011",2025-10-23,3,"Fawn Brook","Downstream Old Hartford Road/S. Main Street (at mouth)","River/Stream",41.604581,-72.41875,24000,"Interpolation-Map","NAD83","CT","MARLBOROUGH",4706,"CT4706-00_01","106002596","Old Database Station ID 6770 Established in 2012 by Salmon River Watershed Partnership (SRWP) for RBV",2013-01-24 10:32:00,"LallyMe",2021-10-05 14:34:45,"BeckerM"
18734,"RBV-2025-059",2025-09-23,4,"Pootatuck river","Upstream of footbridge above Church Hill Rd","River/Stream",41.419994,-73.282188,0,"Interpolation-Satellite","WGS84","CT","NEWTOWN",6020,NA,"103016110","Standard fish sample site- trout plus a list of species; Trout-only standard WTMA annual sample",2014-07-25 10:02:00,"HumphreysM",2021-11-17 18:20:50,"BeckerM"
18981,"RBV-2025-028",2025-10-11,3,"Lyman Brook","125m downstream of Glenwood Drive culdesac","River/Stream",41.63271,-72.45228,0,"Interpolation-Satellite","WGS84","CT","MARLBOROUGH",4707,"CT4707-12_01","106001954","Established 2015 as new RBV station by SRWP",2016-01-05 15:05:00,"LallyMe",2022-01-05 12:07:25,"BeckerM"
19000,"RBV-2025-040",2025-11-04,8,"Beaver Brook","150m downstream of Bass Rd","River/Stream",41.68217,-72.108798,0,"Interpolation-Satellite","WGS84","CT","SCOTLAND",3802,"3802-XX_xx","107000598","Established 2015 by TU/ECCD as new RBV monitoring location",2016-04-01 12:35:00,"LallyMe",2021-10-05 14:34:45,"BeckerM"
19146,"RBV-2025-004",2025-11-13,3,"Stratton Brook","downstream fishing pond dam","River/Stream",41.864463,-72.83479,0,"Interpolation-Satellite","WGS84","CT","SIMSBURY",4318,NA,NA,"",2016-09-20 07:03:00,"BellucciC",2016-09-20 07:04:00,"BellucciC"
19214,"RBV-2025-057",2025-03-28,3,"Harris Brook","0.25 mi upstream Music Vale Rd","River/Stream",41.487386,-72.27044,0,"Interpolation-Satellite","WGS84","CT","SALEM",4801,"CT4801-00_02","106001562","Established 2016 by TRCC as new RBV site",2016-11-08 10:06:00,"LallyMe",2022-01-05 12:07:25,"BeckerM"
19215,"RBV-2025-055",2025-03-28,4,"East Branch Eightmile River, Unnamed tributary to (""Ransom Brook"")","30m downstream Darling Rd (""Bingham Property"")","River/Stream",41.454943,-72.283556,0,"Interpolation-Satellite","WGS84","CT","SALEM",4802,"CT4802-07_01","106001296","Established 2016 by TRCC as a new RBV monitoring location",2016-11-09 10:45:00,"LallyMe",2021-10-07 14:01:44,"BeckerM"
19252,"RBV-2025-039",2025-11-03,4,"Keach Brook","DS of Elmwood hill rd","River/Stream",41.929229,-71.802617,0,"Interpolation-Satellite","WGS84","CT","PUTNAM",3402,NA,NA,"",2016-11-16 11:52:00,"HagstromN",2016-11-16 11:53:00,"HagstromN"
19455,"RBV-2025-025",2025-10-23,2,"Blackledge River","30m upstreamFawn Brook, near Kellogg Rd/South Main St","River/Stream",41.60413,-72.41969,0,"Interpolation-Satellite","WGS84","CT","MARLBOROUGH",4707,"CT4707-00_01","106002594","Established 2016 as new RBV location by SRWP",2016-12-27 10:23:00,"LallyMe",2022-01-05 12:07:25,"BeckerM"
19458,"RBV-2025-049",2025-10-24,7,"Roaring Brook #2","Upstream Rt 82, behind Hadlyme Post Office (Banningwood Preserve)","River/Stream",41.423478,-72.399106,0,"Interpolation-Satellite","WGS84","CT","LYME",4016,"CT4016-01_01","106001039","Established 2016 as new RBV site by ERWSCC with LLCT - potential new preservation area",2016-12-27 11:00:00,"LallyMe",2022-01-05 12:07:25,"BeckerM"
19458,"RBV-2025-042",2025-04-25,6,"Roaring Brook #2","Upstream Rt 82, behind Hadlyme Post Office (Banningwood Preserve)","River/Stream",41.423478,-72.399106,0,"Interpolation-Satellite","WGS84","CT","LYME",4016,"CT4016-01_01","106001039","Established 2016 as new RBV site by ERWSCC with LLCT - potential new preservation area",2016-12-27 11:00:00,"LallyMe",2022-01-05 12:07:25,"BeckerM"
19713,"RBV-2025-002",2025-09-11,5,"Eightmile River","US of doblia Hill Rd- Hammon Mill Preserve","River/Stream",41.452722,-72.336773,0,"Interpolation-Satellite","WGS84","CT","EAST HADDAM",4800,NA,"106001290","IFD; Atl. Salmon Monitor station plot 1A",2017-06-08 09:57:00,"HagstromN",2021-11-17 18:20:50,"BeckerM"
20046,"RBV-2025-018",2025-09-21,2,"Spruce Brook","Downstream of Spruce Brook Road, near New Road","River/Stream",41.487886,-73.268601,0,"Interpolation-Satellite","WGS84","CT","SOUTHBURY",6806,"CT6806-05_01","103014642","Established 2017 by volunteers (PRWC) as new RBV site; on Southbury Land Trust property",2018-04-19 15:17:00,"LallyMe",2021-11-17 18:20:50,"BeckerM"
20096,"RBV-2025-062",2025-10-21,2,"Shepaug River, Unnamed tributary to (""Curtis Brook"")","at Tunnel Road","River/Stream",41.6079,-73.3286,0,"Interpolation-Satellite","WGS84","CT","WASHINGTON",6700,"6700-00-3-R8-trib","103012168","Brook Trout Present 2019 volunteer temperature monitoring site (HVA); Tunnel Rd to US 140 M",2018-08-22 14:54:00,"Unknown",2021-12-27 17:18:19,"BeckerM"
20314,"RBV-2025-013",2025-11-08,4,"Round Hill Brook","US Train Track Culvert","River/Stream",41.376179,-73.15833,0,"Interpolation-Satellite","WGS84","CT","OXFORD",6000,"6000-63-1",NA,"Brook Trout; In Webb Mountain Park",2019-09-19 08:23:00,"Unknown",2021-12-27 17:18:19,"BeckerM"
20373,"RBV-2025-032",2025-09-06,3,"Salmon River, Unnamed tributary to","100 ft. upstream of Salmon River confluence","River/Stream",41.548378,-72.451013,0,"Interpolation-Satellite","WGS84","CT","EAST HAMPTON",4700,"4700.0","106002254","Established 2019 as new volunteer monitoring station",2020-03-02 10:16:00,"LiK",2021-10-05 14:34:45,"BeckerM"
20378,"RBV-2025-019",2025-09-21,4,"Wood Creek","Upstream from bridge (Arch Bridge Rd.)","River/Stream",41.629643,-73.229278,0,"Interpolation-Satellite","WGS84","CT","BETHLEHEM",6804,"CT6804-04_01","103011709","Established 2019 as a new volunteer monitoring station",2020-03-02 10:30:00,"LiK",2022-01-05 12:07:25,"BeckerM"
20486,"RBV-2025-023",2025-09-13,5,"Carmel Hill Brook","Within Marzahl Refuge, upstream of walking bridge (Near Carmel Hill Rd/Weekeepeee Rd. intersection)","River/Stream",41.592244,-73.239002,0,"Interpolation-Satellite","WGS84","CT","WOODBURY",6804,"CT6804-08_01","103012555","Established 2020 by PRWC as new RBV monitoring location",2020-11-12 14:51:00,"LallyMe",2021-10-07 14:01:44,"BeckerM"
20509,"RBV-2025-026",2025-10-14,5,"Elbow Brook","at mouth, 50 ft upstream confluence with Salmon River","River/Stream",41.518889,-72.4825,0,"Interpolation-Satellite","WGS84","CT","EAST HAMPTON",4700,"4700.0","106002061","Established 2020 by volunteers as new RBV station",2020-12-11 11:37:00,"LallyMe",2021-10-05 14:34:45,"BeckerM"
20799,"RBV-2025-008",2025-09-27,2,"Roaring Brook","50 meters upstream of Rt. 167, along the 'brook trail'","River/Stream",41.760494,-72.882016,0,"Interpolation-Digital Map Source","WGS84","CT","BURLINGTON",4312,NA,NA,"Established 2022 as new volunteer monitoring location",2022-11-23 09:01:15,"LallyMe",2022-11-23 09:01:15,"LallyMe"
20805,"RBV-2025-010",2025-05-28,1,"Mianus River","Within the Mianus River Natural Park","River/Stream",41.06271,-73.57978,0,"Interpolation-Digital Map Source","WGS84","CT","Greenwich",7407,NA,NA,"Established in 2022 as a new volunteer monitoring site",2022-12-09 12:16:15,"LallyMe",2022-12-09 12:16:15,"LallyMe"
20883,"RBV-2025-051",2025-10-24,2,"Harris Brook ","Stream located at bridge near Red Trail - break off near field ","River/Stream",41.472591,-72.286191,0,"Interpolation-Digital Map Source","WGS84","CT","SALEM",4801,NA,NA,"Established in 2023 as a new volunteer monitoring (RBV) site",2024-01-03 15:52:59,"AarrestadA",2024-01-03 15:52:59,"AarrestadA"
20884,"RBV-2025-053",2025-11-07,3,"Fraser Brook ","10ft before bridge to 30ft below bridge","River/Stream",41.477781,-72.254441,0,"Interpolation-Digital Map Source","WGS84","CT","SALEM",4801,NA,NA,"Established in 2023 as a new volunteer monitoring (RBV) site",2024-01-03 15:52:59,"AarrestadA",2024-01-03 15:52:59,"AarrestadA"
20884,"RBV-2025-056",2025-03-28,5,"Fraser Brook ","10ft before bridge to 30ft below bridge","River/Stream",41.477781,-72.254441,0,"Interpolation-Digital Map Source","WGS84","CT","SALEM",4801,NA,NA,"Established in 2023 as a new volunteer monitoring (RBV) site",2024-01-03 15:52:59,"AarrestadA",2024-01-03 15:52:59,"AarrestadA"
20976,"RBV-2025-043",2025-04-25,6,"NNT to Eightmile River","Within Devils Hopyard State Park, located 30 meters downstream from the White Trail (bridge) crossing.","River/Stream",41.48322,-72.34044,0,"Interpolation-Digital Map Source","WGS84","CT","East Haddam",4800,NA,NA,"Established in 2024 as a new volunteer monitoring (RBV) site",2024-12-18 15:16:14,"EdwardsCH",2024-12-18 15:16:14,"EdwardsCH"
21112,"RBV-2025-052",2025-10-24,3,"NNT to Eightmile River","Devils Hopyard white trail from road entrance down .5 miles to adjacent waterfall, upstream 40' of main waterfall pool","River/Stream",41.486667,-72.333611,0,"GPS-Unspecified","WGS84","CT","EAST HADDAM",4800,NA,NA,"Station created for RBV sample",2025-12-18 16:11:15,"CzarnowskiMM",2025-12-18 16:11:15,"CzarnowskiMM"
21113,"RBV-2025-047",2025-10-17,3,"Ransom Brook","Darling Rd, Binshaw property","River/Stream",41.4549,-72.2385,0,"GPS-Unspecified","WGS84","CT","SALEM",2202,NA,NA,"Station created for RBV sample",2025-12-18 16:11:15,"CzarnowskiMM",2025-12-18 16:11:15,"CzarnowskiMM"
21114,"RBV-2025-046",2025-10-17,3,"Harris Brook","200' South from off the road parking at the fork 75' SE from the culvert","River/Stream",41.48359,-72.2695,0,"GPS-Unspecified","WGS84","CT","SALEM",4801,NA,NA,"Station created for RBV sample",2025-12-18 16:11:15,"CzarnowskiMM",2025-12-18 16:11:15,"CzarnowskiMM"
21115,"RBV-2025-033",2025-11-19,5,"NNT to Blackledge River","75' DS of South Main Street","River/Stream",41.602394,-72.410247,0,"GPS-Unspecified","WGS84","CT","MARLBOROUGH",4707,NA,NA,"Station created for RBV sample",2025-12-18 16:11:15,"CzarnowskiMM",2025-12-18 16:11:15,"CzarnowskiMM"
21116,"RBV-2025-007",2025-10-13,1,"Jim Brook","Roaring Brook Nature Center- 200 feet upstream from trail crossing","River/Stream",41.841616,-72.88257,0,"GPS-Unspecified","WGS84","CT","CANTON",4312,NA,NA,"Station created for RBV sample",2025-12-18 16:11:15,"CzarnowskiMM",2025-12-18 16:11:15,"CzarnowskiMM"
21117,"RBV-2025-024",2025-10-29,5,"South Branch Bullet Hill Brook","Community House Park; 10m downstream of Route 67 Bridge ","River/Stream",41.47625,-73.20298,0,"GPS-Unspecified","WGS84","CT","SOUTHBURY",6800,NA,NA,"Station created for RBV sample",2025-12-18 16:11:15,"CzarnowskiMM",2025-12-18 16:11:15,"CzarnowskiMM"
21118,"RBV-2025-021",2025-10-19,4,"Plumb Brook","Less than 20m upstream of where an unnamed tributary feeds into Plum Brook from a large cascade system to the east","River/Stream",41.573937,-73.213086,0,"GPS-Unspecified","WGS84","CT","WOODBURY",6802,NA,NA,"Station created for RBV sample",2025-12-18 16:11:15,"CzarnowskiMM",2025-12-18 16:11:15,"CzarnowskiMM"
21119,"RBV-2025-034",2025-09-04,2,"Sunset Hill Brook","1/4 mile west of Sunset Hill Rd, 15 meters southeast of the Airline Trail","River/Stream",41.973196,-71.868755,0,"GPS-Unspecified","WGS84","CT","THOMPSON",3300,NA,NA,"Station created for RBV sample",2025-12-18 16:11:15,"CzarnowskiMM",2025-12-18 16:11:15,"CzarnowskiMM"
21120,"RBV-2025-037",2025-10-26,6,"Sawmill Brook","50 meters east of the Nipmuck Trail on the Mansfield Sawmill Brook Property","River/Stream",41.748606,-72.209738,0,"GPS-Unspecified","WGS84","CT","MANSFIELD",3208,NA,NA,"Station created for RBV sample",2025-12-18 16:11:15,"CzarnowskiMM",2025-12-18 16:11:15,"CzarnowskiMM"
21121,"RBV-2025-036",2025-10-29,5,"Fall Brook","50 meters east of I-395 in Old Furnace State Park","River/Stream",41.785297,-71.871811,0,"GPS-Unspecified","WGS84","CT","KILLINGLY",3700,NA,NA,"Station created for RBV sample",2025-12-18 16:11:15,"CzarnowskiMM",2025-12-18 16:11:15,"CzarnowskiMM"
