"Stream_Mun","staSeq","DATE_COL","Drunella","Isonychiidae","Epeorus","Peltoperlidae","Perlidae","Pteronarcyidae","MiscSmallStoneflies","Glossosomatidae","Apataniidae","Rhyacophilidae","Brachycentridae","Lepidostomatidae","Hydropsychidae","Philopotamidae","Heptageniidae","Psephenidae","Corydalidae","Anisoptera","Zygoptera","Amphipoda","Isopoda","Hirudinea","Chironimidae","Simuliidae","Gastropoda","Oligochaeta","Tipulidae","Elmidae","Baetidae","Athericidae","Planariidae","Bivalvia"
"Mill River (FAIRFIELD)",14298,2025-10-20, , , , , , , , , ,"X", , ,"X","X","X", , , , , , , , , , ,"X", ,"X","X", , , 
"Pine Brook (HADDAM)",14396,2025-09-20, , ,"X", ,"X", ,"X","X", , ,"X","X","X","X","X","X","X","X", , , , , , , , ,"X","X","X", , , 
"Pootatuck River (NEWTOWN)",14406,2025-10-16, ,"X", , ,"X", , , , ,"X", , ,"X","X","X", ,"X", , ,"X", , , , , ,"X","X", , , , , 
"Saugatuck River (WESTPORT)",14445,2025-11-13, ,"X","X", , , ,"X","X", ,"X", , ,"X","X","X","X","X", , ,"X", , , ,"X", , , ,"X", , , , 
"Judd Brook (HEBRON)",15045,2025-10-19, ,"X", , ,"X", , , , , ,"X", ,"X","X","X", ,"X","X","X", , , , , , ,"X","X", , ,"X", , 
"Kirby Brook (WASHINGTON)",15128,2025-10-30, ,"X", , ,"X","X","X","X", ,"X", , ,"X","X","X", ,"X", , , , , , , , ,"X","X", , , , , 
"East Branch Eightmile River (SALEM)",15180,2025-11-07, ,"X", , ,"X", ,"X", , , ,"X", , ,"X", , ,"X","X", , , , , , , , ,"X", , , , , 
"Tankerhoosen River (VERNON)",15205,2025-09-20, , , , ,"X", , , , , , , ,"X","X","X","X","X","X", , , , , ,"X", , , ,"X", , , , 
"Pootatuck River (NEWTOWN)",15280,2025-09-17, ,"X", , ,"X", , ,"X", , , , ,"X","X", ,"X","X","X", ,"X", , , ,"X", , ,"X", ,"X", , , 
"Beaver Brook (LYME)",15312,2025-10-24, ,"X", ,"X","X", , , , , , , ,"X", , ,"X","X","X", ,"X", , , , , , ,"X","X", , , , 
"Beaver Brook (LYME)",15312,2025-04-25,"X", , , ,"X", , , , ,"X", , ,"X", ,"X","X","X","X","X","X", , , , , , ,"X","X", , , , 
"Eightmile River, Unnamed tributary to (""PV Brook"") (LYME)",15314,2025-03-28, , , , ,"X", , , , , , , ,"X", ,"X", ,"X","X", ,"X", , , ,"X", ,"X","X","X", , , , 
"Eightmile River, Unnamed tributary to (""PV Brook"") (LYME)",15314,2025-10-17, , , ,"X","X", ,"X", , , ,"X", ,"X","X","X", , , ,"X", , , , , , , ,"X","X", , , , 
"Aspetuck River (WESTPORT)",15375,2025-10-16, ,"X","X", ,"X", , , , , , , ,"X","X","X","X","X", , , , , , , , ,"X", ,"X","X", , , 
"Morgan Brook (BARKHAMSTED)",15554,2025-10-27, ,"X", , ,"X", ,"X", , , , , ,"X","X","X","X","X","X", , , , , , , , ,"X", , , , , 
"Flat Brook (EAST HAMPTON)",16121,2025-09-06, ,"X","X","X","X", ,"X", , , , , ,"X","X","X","X","X","X", , , , , , , , ,"X","X", , , , 
"Muddy Brook (EAST HADDAM)",16123,2025-04-25, , ,"X","X","X", ,"X", , , , , ,"X","X","X", ,"X","X", , , , , ,"X", , ,"X", , , , , 
"Bullet Hill Brook (SOUTHBURY)",16333,2025-09-20, , , , , , , , , , , , ,"X","X", , , , , ,"X", , , , , , ,"X","X","X", , , 
"Bunnell Brook (BURLINGTON)",16370,2025-09-16, , ,"X", ,"X", , ,"X", ,"X", , ,"X","X","X", ,"X","X", , , , , , , ,"X","X","X","X", , , 
"Ballymahack Brook (WINDHAM)",16484,2025-10-23, , , ,"X","X", , , ,"X","X", ,"X","X","X","X","X","X","X","X", ,"X", , , , ,"X","X", , , , , 
"Converse Pond Brook (GREENWICH)",16587,2025-10-20, ,"X", , ,"X", , , , , , , ,"X","X","X", ,"X","X","X", , , , , , , ,"X", ,"X", , , 
"Fenton River (MANSFIELD)",16657,2025-10-17, ,"X","X","X","X", ,"X", , , , , ,"X","X","X","X","X","X", , , , , , , , ,"X","X","X", , , 
"Hawley Brook (AVON)",16730,2025-10-26, , , , , , , , , , , , ,"X","X","X", ,"X","X", , , , , , , , , , , , , , 
"Salmon River (COLCHESTER)",17022,2025-09-06, , ,"X", ,"X", ,"X", , , , , ,"X","X","X","X","X", , , , , , , , ,"X","X","X","X", , , 
"Transylvania Brook (SOUTHBURY)",17125,2025-09-20, , , , , , , ,"X", , , , ,"X","X","X", ,"X","X", , , , , ,"X", ,"X","X","X","X", , , 
"Wangum Lake Brook (CANAAN)",17172,2025-05-31, , ,"X", ,"X", ,"X","X", , , , ,"X", ,"X", ,"X","X", , , , , , , , ,"X", , , , , 
"Raymond Brook (HEBRON)",17978,2025-10-28, ,"X", , ,"X", , , , , , ,"X","X","X","X","X","X","X", , , , , , , , ,"X", , , , , 
"East Branch Eightmile River (LYME)",18390,2025-11-17, ,"X", , ,"X", ,"X","X", , ,"X", ,"X","X","X","X","X","X", , , , , ,"X", , ,"X","X", ,"X", , 
"Fawn Brook (MARLBOROUGH)",18409,2025-10-23, ,"X", , ,"X", ,"X", , , , , ,"X","X", ,"X","X","X", ,"X", , , , , ,"X","X", , , , , 
"Pootatuck river (NEWTOWN)",18734,2025-09-23, ,"X", , ,"X", , ,"X", ,"X", , ,"X","X","X","X", , , ,"X", , , ,"X", , ,"X","X","X", , , 
"Lyman Brook (MARLBOROUGH)",18981,2025-10-11, , , , ,"X", ,"X", , , , , ,"X","X", , ,"X","X", , , , , , , , ,"X", , , , , 
"Beaver Brook (SCOTLAND)",19000,2025-11-04, ,"X","X","X","X", ,"X","X", ,"X","X", , ,"X","X","X","X", , , , , , , , ,"X","X","X", ,"X", , 
"Stratton Brook (SIMSBURY)",19146,2025-11-13, ,"X", , ,"X", ,"X", , , , , ,"X","X","X", ,"X", , ,"X", , , , , ,"X","X","X", , , , 
"Harris Brook (SALEM)",19214,2025-03-28, ,"X","X", ,"X", , , , , , , ,"X", ,"X", ,"X","X","X", , , , ,"X", ,"X","X", , , , , 
"East Branch Eightmile River, Unnamed tributary to (""Ransom Brook"") (SALEM)",19215,2025-03-28, , , , ,"X", ,"X", , ,"X","X", ,"X","X","X", ,"X","X", , , , , ,"X", , ,"X", , , , , 
"Keach Brook (PUTNAM)",19252,2025-11-03, , , ,"X","X", ,"X", , , , ,"X","X","X","X", ,"X","X","X", , , , , , , ,"X", , , , , 
"Blackledge River (MARLBOROUGH)",19455,2025-10-23, , ,"X", ,"X", , , , , , , ,"X","X","X","X","X","X", ,"X", , , , , , , ,"X","X","X", , 
"Roaring Brook #2 (LYME)",19458,2025-04-25,"X", ,"X", ,"X", ,"X", , ,"X", ,"X","X","X","X", ,"X","X","X", , , , , , , ,"X", , , , , 
"Roaring Brook #2 (LYME)",19458,2025-10-24, ,"X","X", ,"X", ,"X","X", , ,"X","X","X","X","X", ,"X","X", , , , , , ,"X", ,"X","X", ,"X", , 
"Eightmile River (EAST HADDAM)",19713,2025-09-11, ,"X","X", ,"X", , ,"X", , ,"X", ,"X","X","X","X","X","X", , , , , , , ,"X","X","X","X", , , 
"Spruce Brook (SOUTHBURY)",20046,2025-09-21, , , , ,"X", , , , ,"X", , ,"X","X","X","X","X","X", , , , , , , ,"X","X", ,"X", , , 
"Shepaug River, Unnamed tributary to (""Curtis Brook"") (WASHINGTON)",20096,2025-10-21, , , , , , ,"X","X", , , , ,"X", ,"X","X", ,"X", , , , , , ,"X", ,"X", , , , , 
"Round Hill Brook (OXFORD)",20314,2025-11-08, , , , ,"X", ,"X","X", , , ,"X","X", , , , ,"X", , , , , , ,"X","X","X","X", , , , 
"Salmon River, Unnamed tributary to (EAST HAMPTON)",20373,2025-09-06, , , , ,"X", ,"X","X", , , , ,"X","X","X", ,"X","X","X", , , , , ,"X", ,"X", ,"X","X", , 
"Wood Creek (BETHLEHEM)",20378,2025-09-21, ,"X", ,"X","X", , , , ,"X", , ,"X","X","X","X","X", , , , , , ,"X", ,"X","X","X","X", , , 
"Carmel Hill Brook (WOODBURY)",20486,2025-09-13, ,"X", ,"X","X","X", , , ,"X", , ,"X","X","X", , , , , , , , , , ,"X","X","X","X", , , 
"Elbow Brook (EAST HAMPTON)",20509,2025-10-14, , , ,"X","X", ,"X","X", , , , ,"X","X","X", ,"X","X","X", , , , , , , ,"X", , , , , 
"Roaring Brook (BURLINGTON)",20799,2025-09-27, , , , ,"X", , ,"X", , , , ,"X","X", , , , , ,"X", , , , , , , , ,"X", , , 
"Mianus River (Greenwich)",20805,2025-05-28, , , , ,"X", , , , , , , ,"X","X","X", , , , ,"X", , , , , ,"X", , , , , ,"X"
"Harris Brook  (SALEM)",20883,2025-10-24, ,"X", , ,"X", , , , , , , ,"X","X","X","X","X","X","X", , , , , , ,"X","X", , , , , 
"Fraser Brook  (SALEM)",20884,2025-03-28, , ,"X","X","X", ,"X", , ,"X", , , , , , ,"X","X", , , , , , , , ,"X","X", , , , 
"Fraser Brook  (SALEM)",20884,2025-11-07, , , ,"X","X", , , , , , ,"X","X", ,"X", ,"X","X","X", , , , , , , ,"X", , , , , 
"NNT to Eightmile River (East Haddam)",20976,2025-04-25, , ,"X","X","X", ,"X", , ,"X", , ,"X","X", ,"X","X","X","X", , , , ,"X", , ,"X", , , , , 
"NNT to Eightmile River (EAST HADDAM)",21112,2025-10-24, , , ,"X","X", ,"X", , , , , ,"X","X","X","X","X","X", , , , , , , , ,"X", , , , , 
"Ransom Brook (SALEM)",21113,2025-10-17, , , ,"X","X", , , , , ,"X", , ,"X","X","X","X","X","X", , , , , , ,"X", , , , , , 
"Harris Brook (SALEM)",21114,2025-10-17, ,"X", , ,"X", ,"X", , , , , ,"X","X","X", ,"X","X", , , , , , ,"X", ,"X","X", ,"X", , 
"NNT to Blackledge River (MARLBOROUGH)",21115,2025-11-19, , ,"X","X","X", ,"X", , ,"X", , ,"X","X","X","X","X","X", , , , , , , ,"X","X", , , , , 
"Jim Brook (CANTON)",21116,2025-10-13, , , , ,"X", , , , , , , ,"X","X","X", ,"X","X", , , , , , , , ,"X", , , , , 
"South Branch Bullet Hill Brook (SOUTHBURY)",21117,2025-10-29, ,"X", , ,"X", ,"X", , ,"X", , ,"X","X","X", , , ,"X","X", , , , , ,"X","X","X","X", , , 
"Plumb Brook (WOODBURY)",21118,2025-10-19, , , ,"X","X", ,"X", , , , , ,"X", ,"X", ,"X", , , , , , , , ,"X","X", , , , , 
"Sunset Hill Brook (THOMPSON)",21119,2025-09-04, , , , ,"X", ,"X", , , , , ,"X","X","X", ,"X", ,"X","X","X", , , , ,"X","X","X", , , , 
"Sawmill Brook (MANSFIELD)",21120,2025-10-26, ,"X", ,"X","X","X","X", , , ,"X", , ,"X","X","X","X","X","X","X", , , , , ,"X","X","X", ,"X", , 
"Fall Brook (KILLINGLY)",21121,2025-10-29, , , ,"X","X", ,"X","X","X", , , ,"X","X","X","X","X","X", , , , , , , ,"X","X","X", , , , 
